INSERT INTO `SportingGoodsChainCompany`.`Branch` (`uuid`, `branchCode`, `country`, `address`, `dateCreation`, `dateUpdate`) VALUES ('03ce43b8-5778-11ed-a24b-0242ac120002', '000000000000', 'Country0', 'Address0', NOW(), NOW());
INSERT INTO `SportingGoodsChainCompany`.`Branch` (`uuid`, `branchCode`, `country`, `address`, `dateCreation`, `dateUpdate`) VALUES ('0ca2d5d1-5779-11ed-a24b-0242ac120002', '000000000001', 'Country1', 'Address1', NOW(), NOW());
INSERT INTO `SportingGoodsChainCompany`.`Branch` (`uuid`, `branchCode`, `country`, `address`, `dateCreation`, `dateUpdate`) VALUES ('0ca4d981-5779-11ed-a24b-0242ac120002', '000000000002', 'Country2', 'Address2', NOW(), NOW());
INSERT INTO `SportingGoodsChainCompany`.`Branch` (`uuid`, `branchCode`, `country`, `address`, `dateCreation`, `dateUpdate`) VALUES ('0ca62c2c-5779-11ed-a24b-0242ac120002', '000000000003', 'Country3', 'Address3', NOW(), NOW());
INSERT INTO `SportingGoodsChainCompany`.`Branch` (`uuid`, `branchCode`, `country`, `address`, `dateCreation`, `dateUpdate`) VALUES ('0ca84535-5779-11ed-a24b-0242ac120002', '000000000004', 'Country4', 'Address4', NOW(), NOW());

INSERT INTO `SportingGoodsChainCompany`.`Product` (`uuid`, `productCode`, `description`, `netPrice`, `grossPrice`, `dateCreation`, `dateUpdate`) VALUES ('dcf149d5-5779-11ed-a24b-0242ac120002', '000000000000', 'Description0', '10', '20', NOW(), NOW());
INSERT INTO `SportingGoodsChainCompany`.`Product` (`uuid`, `productCode`, `description`, `netPrice`, `grossPrice`, `dateCreation`, `dateUpdate`) VALUES ('dcf59020-5779-11ed-a24b-0242ac120002', '000000000001', 'Description1', '11', '21', NOW(), NOW());
INSERT INTO `SportingGoodsChainCompany`.`Product` (`uuid`, `productCode`, `description`, `netPrice`, `grossPrice`, `dateCreation`, `dateUpdate`) VALUES ('dcf7de9d-5779-11ed-a24b-0242ac120002', '000000000002', 'Description2', '12', '22', NOW(), NOW());
INSERT INTO `SportingGoodsChainCompany`.`Product` (`uuid`, `productCode`, `description`, `netPrice`, `grossPrice`, `dateCreation`, `dateUpdate`) VALUES ('dcfa30a1-5779-11ed-a24b-0242ac120002', '000000000003', 'Description3', '13', '23', NOW(), NOW());
INSERT INTO `SportingGoodsChainCompany`.`Product` (`uuid`, `productCode`, `description`, `netPrice`, `grossPrice`, `dateCreation`, `dateUpdate`) VALUES ('dcfbf036-5779-11ed-a24b-0242ac120002', '000000000004', 'Description4', '14', '24', NOW(), NOW());
INSERT INTO `SportingGoodsChainCompany`.`Product` (`uuid`, `productCode`, `description`, `netPrice`, `grossPrice`, `dateCreation`, `dateUpdate`) VALUES ('dcfdb490-5779-11ed-a24b-0242ac120002', '000000000005', 'Description5', '10', '20', NOW(), NOW());
INSERT INTO `SportingGoodsChainCompany`.`Product` (`uuid`, `productCode`, `description`, `netPrice`, `grossPrice`, `dateCreation`, `dateUpdate`) VALUES ('dcff5682-5779-11ed-a24b-0242ac120002', '000000000006', 'Description6', '11', '21', NOW(), NOW());
INSERT INTO `SportingGoodsChainCompany`.`Product` (`uuid`, `productCode`, `description`, `netPrice`, `grossPrice`, `dateCreation`, `dateUpdate`) VALUES ('dd01732b-5779-11ed-a24b-0242ac120002', '000000000007', 'Description7', '12', '22', NOW(), NOW());
INSERT INTO `SportingGoodsChainCompany`.`Product` (`uuid`, `productCode`, `description`, `netPrice`, `grossPrice`, `dateCreation`, `dateUpdate`) VALUES ('dd0302b7-5779-11ed-a24b-0242ac120002', '000000000008', 'Description8', '13', '23', NOW(), NOW());
INSERT INTO `SportingGoodsChainCompany`.`Product` (`uuid`, `productCode`, `description`, `netPrice`, `grossPrice`, `dateCreation`, `dateUpdate`) VALUES ('dd04b714-5779-11ed-a24b-0242ac120002', '000000000009', 'Description9', '14', '24', NOW(), NOW());
INSERT INTO `SportingGoodsChainCompany`.`Product` (`uuid`, `productCode`, `description`, `netPrice`, `grossPrice`, `dateCreation`, `dateUpdate`) VALUES ('dd07085c-5779-11ed-a24b-0242ac120002', '000000000010', 'Description10', '15', '25', NOW(), NOW());
INSERT INTO `SportingGoodsChainCompany`.`Product` (`uuid`, `productCode`, `description`, `netPrice`, `grossPrice`, `dateCreation`, `dateUpdate`) VALUES ('dd096518-5779-11ed-a24b-0242ac120002', '000000000011', 'Description11', '16', '26', NOW(), NOW());
INSERT INTO `SportingGoodsChainCompany`.`Product` (`uuid`, `productCode`, `description`, `netPrice`, `grossPrice`, `dateCreation`, `dateUpdate`) VALUES ('dd0b0368-5779-11ed-a24b-0242ac120002', '000000000012', 'Description12', '17', '27', NOW(), NOW());
INSERT INTO `SportingGoodsChainCompany`.`Product` (`uuid`, `productCode`, `description`, `netPrice`, `grossPrice`, `dateCreation`, `dateUpdate`) VALUES ('dd0c7dab-5779-11ed-a24b-0242ac120002', '000000000013', 'Description13', '18', '28', NOW(), NOW());
INSERT INTO `SportingGoodsChainCompany`.`Product` (`uuid`, `productCode`, `description`, `netPrice`, `grossPrice`, `dateCreation`, `dateUpdate`) VALUES ('dd0dc73d-5779-11ed-a24b-0242ac120002', '000000000014', 'Description14', '19', '29', NOW(), NOW());
INSERT INTO `SportingGoodsChainCompany`.`Product` (`uuid`, `productCode`, `description`, `netPrice`, `grossPrice`, `dateCreation`, `dateUpdate`) VALUES ('dd0f3743-5779-11ed-a24b-0242ac120002', '000000000015', 'Description15', '20', '30', NOW(), NOW());
INSERT INTO `SportingGoodsChainCompany`.`Product` (`uuid`, `productCode`, `description`, `netPrice`, `grossPrice`, `dateCreation`, `dateUpdate`) VALUES ('dd1179ac-5779-11ed-a24b-0242ac120002', '000000000016', 'Description16', '21', '31', NOW(), NOW());
INSERT INTO `SportingGoodsChainCompany`.`Product` (`uuid`, `productCode`, `description`, `netPrice`, `grossPrice`, `dateCreation`, `dateUpdate`) VALUES ('dd130071-5779-11ed-a24b-0242ac120002', '000000000017', 'Description17', '22', '32', NOW(), NOW());
INSERT INTO `SportingGoodsChainCompany`.`Product` (`uuid`, `productCode`, `description`, `netPrice`, `grossPrice`, `dateCreation`, `dateUpdate`) VALUES ('dd14617f-5779-11ed-a24b-0242ac120002', '000000000018', 'Description18', '23', '33', NOW(), NOW());
INSERT INTO `SportingGoodsChainCompany`.`Product` (`uuid`, `productCode`, `description`, `netPrice`, `grossPrice`, `dateCreation`, `dateUpdate`) VALUES ('dd16f32e-5779-11ed-a24b-0242ac120002', '000000000019', 'Description19', '24', '34', NOW(), NOW());

INSERT INTO `SportingGoodsChainCompany`.`Employee` (`uuid`, `uuidBranch`, `serialNumber`, `firstName`, `lastName`, `dateCreation`, `dateUpdate`) VALUES ('dc3d62b4-577a-11ed-a24b-0242ac120002', '03ce43b8-5778-11ed-a24b-0242ac120002', '000000000000', 'First0', 'Last0', NOW(), NOW());
INSERT INTO `SportingGoodsChainCompany`.`Employee` (`uuid`, `uuidBranch`, `serialNumber`, `firstName`, `lastName`, `dateCreation`, `dateUpdate`) VALUES ('dc3fbb33-577a-11ed-a24b-0242ac120002', '0ca2d5d1-5779-11ed-a24b-0242ac120002', '000000000001', 'First0', 'Last1', NOW(), NOW());
INSERT INTO `SportingGoodsChainCompany`.`Employee` (`uuid`, `uuidBranch`, `serialNumber`, `firstName`, `lastName`, `dateCreation`, `dateUpdate`) VALUES ('dc41add1-577a-11ed-a24b-0242ac120002', '0ca4d981-5779-11ed-a24b-0242ac120002', '000000000002', 'First1', 'Last0', NOW(), NOW());
INSERT INTO `SportingGoodsChainCompany`.`Employee` (`uuid`, `uuidBranch`, `serialNumber`, `firstName`, `lastName`, `dateCreation`, `dateUpdate`) VALUES ('dc430a56-577a-11ed-a24b-0242ac120002', '0ca4d981-5779-11ed-a24b-0242ac120002', '000000000003', 'First1', 'Last1', NOW(), NOW());
INSERT INTO `SportingGoodsChainCompany`.`Employee` (`uuid`, `uuidBranch`, `serialNumber`, `firstName`, `lastName`, `dateCreation`, `dateUpdate`) VALUES ('dc459cc2-577a-11ed-a24b-0242ac120002', '0ca62c2c-5779-11ed-a24b-0242ac120002', '000000000004', 'First1', 'Last2', NOW(), NOW());
INSERT INTO `SportingGoodsChainCompany`.`Employee` (`uuid`, `uuidBranch`, `serialNumber`, `firstName`, `lastName`, `dateCreation`, `dateUpdate`) VALUES ('dc480ce5-577a-11ed-a24b-0242ac120002', '0ca84535-5779-11ed-a24b-0242ac120002', '000000000005', 'First2', 'Last1', NOW(), NOW());
INSERT INTO `SportingGoodsChainCompany`.`Employee` (`uuid`, `uuidBranch`, `serialNumber`, `firstName`, `lastName`, `dateCreation`, `dateUpdate`) VALUES ('dc49ec5b-577a-11ed-a24b-0242ac120002', '0ca84535-5779-11ed-a24b-0242ac120002', '000000000006', 'First0', 'Last2', NOW(), NOW());
INSERT INTO `SportingGoodsChainCompany`.`Employee` (`uuid`, `uuidBranch`, `serialNumber`, `firstName`, `lastName`, `dateCreation`, `dateUpdate`) VALUES ('dc4b33c1-577a-11ed-a24b-0242ac120002', '0ca62c2c-5779-11ed-a24b-0242ac120002', '000000000007', 'First2', 'Last0', NOW(), NOW());
INSERT INTO `SportingGoodsChainCompany`.`Employee` (`uuid`, `uuidBranch`, `serialNumber`, `firstName`, `lastName`, `dateCreation`, `dateUpdate`) VALUES ('dc4d3e61-577a-11ed-a24b-0242ac120002', '0ca2d5d1-5779-11ed-a24b-0242ac120002', '000000000008', 'First3', 'Last3', NOW(), NOW());
INSERT INTO `SportingGoodsChainCompany`.`Employee` (`uuid`, `uuidBranch`, `serialNumber`, `firstName`, `lastName`, `dateCreation`, `dateUpdate`) VALUES ('dc4e87b3-577a-11ed-a24b-0242ac120002', '03ce43b8-5778-11ed-a24b-0242ac120002', '000000000009', 'First2', 'Last3', NOW(), NOW());

INSERT INTO `SportingGoodsChainCompany`.`Order` (`uuid`, `uuidEmployee`, `uuidProduct`, `orderCode`, `orderDate`, `dateCreation`, `dateUpdate`) VALUES ('546dfaec-577c-11ed-a24b-0242ac120002', 'dc3d62b4-577a-11ed-a24b-0242ac120002', 'dcf149d5-5779-11ed-a24b-0242ac120002', '000000000000', '2022-11-10 10:00:00', NOW(), NOW());
INSERT INTO `SportingGoodsChainCompany`.`Order` (`uuid`, `uuidEmployee`, `uuidProduct`, `orderCode`, `orderDate`, `dateCreation`, `dateUpdate`) VALUES ('547092b3-577c-11ed-a24b-0242ac120002', 'dc3d62b4-577a-11ed-a24b-0242ac120002', 'dcf59020-5779-11ed-a24b-0242ac120002', '000000000001', '2022-11-10 15:00:00', NOW(), NOW());
INSERT INTO `SportingGoodsChainCompany`.`Order` (`uuid`, `uuidEmployee`, `uuidProduct`, `orderCode`, `orderDate`, `dateCreation`, `dateUpdate`) VALUES ('54724810-577c-11ed-a24b-0242ac120002', 'dc4e87b3-577a-11ed-a24b-0242ac120002', 'dcf7de9d-5779-11ed-a24b-0242ac120002', '000000000002', '2022-11-11 11:30:00', NOW(), NOW());
INSERT INTO `SportingGoodsChainCompany`.`Order` (`uuid`, `uuidEmployee`, `uuidProduct`, `orderCode`, `orderDate`, `dateCreation`, `dateUpdate`) VALUES ('54739e49-577c-11ed-a24b-0242ac120002', 'dc459cc2-577a-11ed-a24b-0242ac120002', 'dcf149d5-5779-11ed-a24b-0242ac120002', '000000000003', '2022-11-12 16:45:00', NOW(), NOW());

INSERT INTO `SportingGoodsChainCompany`.`Availability` (`uuid`, `uuidBranch`, `uuidProduct`, `quantity`, `dateCreation`, `dateUpdate`) VALUES (UUID(), '03ce43b8-5778-11ed-a24b-0242ac120002', 'dcf149d5-5779-11ed-a24b-0242ac120002', '100', NOW(), NOW());
INSERT INTO `SportingGoodsChainCompany`.`Availability` (`uuid`, `uuidBranch`, `uuidProduct`, `quantity`, `dateCreation`, `dateUpdate`) VALUES (UUID(), '03ce43b8-5778-11ed-a24b-0242ac120002', 'dcf59020-5779-11ed-a24b-0242ac120002', '10', NOW(), NOW());
INSERT INTO `SportingGoodsChainCompany`.`Availability` (`uuid`, `uuidBranch`, `uuidProduct`, `quantity`, `dateCreation`, `dateUpdate`) VALUES (UUID(), '03ce43b8-5778-11ed-a24b-0242ac120002', 'dcf7de9d-5779-11ed-a24b-0242ac120002', '1000', NOW(), NOW());
INSERT INTO `SportingGoodsChainCompany`.`Availability` (`uuid`, `uuidBranch`, `uuidProduct`, `quantity`, `dateCreation`, `dateUpdate`) VALUES (UUID(), '03ce43b8-5778-11ed-a24b-0242ac120002', 'dcfa30a1-5779-11ed-a24b-0242ac120002', '100', NOW(), NOW());
INSERT INTO `SportingGoodsChainCompany`.`Availability` (`uuid`, `uuidBranch`, `uuidProduct`, `quantity`, `dateCreation`, `dateUpdate`) VALUES (UUID(), '0ca2d5d1-5779-11ed-a24b-0242ac120002', 'dcfbf036-5779-11ed-a24b-0242ac120002', '10', NOW(), NOW());
INSERT INTO `SportingGoodsChainCompany`.`Availability` (`uuid`, `uuidBranch`, `uuidProduct`, `quantity`, `dateCreation`, `dateUpdate`) VALUES (UUID(), '0ca2d5d1-5779-11ed-a24b-0242ac120002', 'dcfdb490-5779-11ed-a24b-0242ac120002', '1', NOW(), NOW());
INSERT INTO `SportingGoodsChainCompany`.`Availability` (`uuid`, `uuidBranch`, `uuidProduct`, `quantity`, `dateCreation`, `dateUpdate`) VALUES (UUID(), '0ca2d5d1-5779-11ed-a24b-0242ac120002', 'dcff5682-5779-11ed-a24b-0242ac120002', '10', NOW(), NOW());
INSERT INTO `SportingGoodsChainCompany`.`Availability` (`uuid`, `uuidBranch`, `uuidProduct`, `quantity`, `dateCreation`, `dateUpdate`) VALUES (UUID(), '0ca2d5d1-5779-11ed-a24b-0242ac120002', 'dd01732b-5779-11ed-a24b-0242ac120002', '100', NOW(), NOW());
INSERT INTO `SportingGoodsChainCompany`.`Availability` (`uuid`, `uuidBranch`, `uuidProduct`, `quantity`, `dateCreation`, `dateUpdate`) VALUES (UUID(), '0ca4d981-5779-11ed-a24b-0242ac120002', 'dd0302b7-5779-11ed-a24b-0242ac120002', '1000', NOW(), NOW());
INSERT INTO `SportingGoodsChainCompany`.`Availability` (`uuid`, `uuidBranch`, `uuidProduct`, `quantity`, `dateCreation`, `dateUpdate`) VALUES (UUID(), '0ca4d981-5779-11ed-a24b-0242ac120002', 'dd04b714-5779-11ed-a24b-0242ac120002', '100', NOW(), NOW());
INSERT INTO `SportingGoodsChainCompany`.`Availability` (`uuid`, `uuidBranch`, `uuidProduct`, `quantity`, `dateCreation`, `dateUpdate`) VALUES (UUID(), '0ca4d981-5779-11ed-a24b-0242ac120002', 'dd07085c-5779-11ed-a24b-0242ac120002', '10', NOW(), NOW());
INSERT INTO `SportingGoodsChainCompany`.`Availability` (`uuid`, `uuidBranch`, `uuidProduct`, `quantity`, `dateCreation`, `dateUpdate`) VALUES (UUID(), '0ca4d981-5779-11ed-a24b-0242ac120002', 'dd096518-5779-11ed-a24b-0242ac120002', '1', NOW(), NOW());
INSERT INTO `SportingGoodsChainCompany`.`Availability` (`uuid`, `uuidBranch`, `uuidProduct`, `quantity`, `dateCreation`, `dateUpdate`) VALUES (UUID(), '0ca62c2c-5779-11ed-a24b-0242ac120002', 'dd0b0368-5779-11ed-a24b-0242ac120002', '10', NOW(), NOW());
INSERT INTO `SportingGoodsChainCompany`.`Availability` (`uuid`, `uuidBranch`, `uuidProduct`, `quantity`, `dateCreation`, `dateUpdate`) VALUES (UUID(), '0ca62c2c-5779-11ed-a24b-0242ac120002', 'dd0c7dab-5779-11ed-a24b-0242ac120002', '100', NOW(), NOW());
INSERT INTO `SportingGoodsChainCompany`.`Availability` (`uuid`, `uuidBranch`, `uuidProduct`, `quantity`, `dateCreation`, `dateUpdate`) VALUES (UUID(), '0ca62c2c-5779-11ed-a24b-0242ac120002', 'dd0dc73d-5779-11ed-a24b-0242ac120002', '1000', NOW(), NOW());
INSERT INTO `SportingGoodsChainCompany`.`Availability` (`uuid`, `uuidBranch`, `uuidProduct`, `quantity`, `dateCreation`, `dateUpdate`) VALUES (UUID(), '0ca62c2c-5779-11ed-a24b-0242ac120002', 'dd0f3743-5779-11ed-a24b-0242ac120002', '10000', NOW(), NOW());
INSERT INTO `SportingGoodsChainCompany`.`Availability` (`uuid`, `uuidBranch`, `uuidProduct`, `quantity`, `dateCreation`, `dateUpdate`) VALUES (UUID(), '0ca84535-5779-11ed-a24b-0242ac120002', 'dd1179ac-5779-11ed-a24b-0242ac120002', '1000', NOW(), NOW());
INSERT INTO `SportingGoodsChainCompany`.`Availability` (`uuid`, `uuidBranch`, `uuidProduct`, `quantity`, `dateCreation`, `dateUpdate`) VALUES (UUID(), '0ca84535-5779-11ed-a24b-0242ac120002', 'dd130071-5779-11ed-a24b-0242ac120002', '100', NOW(), NOW());
INSERT INTO `SportingGoodsChainCompany`.`Availability` (`uuid`, `uuidBranch`, `uuidProduct`, `quantity`, `dateCreation`, `dateUpdate`) VALUES (UUID(), '0ca84535-5779-11ed-a24b-0242ac120002', 'dd14617f-5779-11ed-a24b-0242ac120002', '10', NOW(), NOW());
INSERT INTO `SportingGoodsChainCompany`.`Availability` (`uuid`, `uuidBranch`, `uuidProduct`, `quantity`, `dateCreation`, `dateUpdate`) VALUES (UUID(), '0ca84535-5779-11ed-a24b-0242ac120002', 'dd16f32e-5779-11ed-a24b-0242ac120002', '1', NOW(), NOW());
